{
  "anchors": [
    10,
    13,
    16,
    30,
    33,
    23,
    30,
    61,
    62,
    45,
    59,
    119,
    116,
    90,
    156,
    198,
    373,
    326
  ],
  "inputs": {
    "input0": [
      224,
      224,
      3
    ]
  },
  "outputs": {
    "output0": [
      28,
      28,
      21
    ],
    "output1": [
      14,
      14,
      21
    ],
    "output2": [
      7,
      7,
      21
    ]
  },
  "params_quantity": 7025023,
  "loss": [
    [
      1,
      4.51915
    ],
    [
      2,
      4.2687
    ],
    [
      3,
      3.96771
    ],
    [
      4,
      3.71378
    ],
    [
      5,
      3.45688
    ],
    [
      6,
      3.25259
    ],
    [
      7,
      3.01709
    ],
    [
      8,
      2.8751
    ],
    [
      9,
      2.6963
    ],
    [
      10,
      2.60054
    ],
    [
      11,
      2.51916
    ],
    [
      12,
      2.46698
    ],
    [
      13,
      2.34984
    ],
    [
      14,
      2.26986
    ],
    [
      15,
      2.19131
    ],
    [
      16,
      2.12607
    ],
    [
      17,
      2.0668
    ],
    [
      18,
      2.01704
    ],
    [
      19,
      1.98678
    ],
    [
      20,
      1.93596
    ],
    [
      21,
      1.88108
    ],
    [
      22,
      1.87653
    ],
    [
      23,
      1.82406
    ],
    [
      24,
      1.79371
    ],
    [
      25,
      1.73951
    ],
    [
      26,
      1.68753
    ],
    [
      27,
      1.68592
    ],
    [
      28,
      1.63782
    ],
    [
      29,
      1.6401
    ],
    [
      30,
      1.61619
    ],
    [
      31,
      1.58711
    ],
    [
      32,
      1.54984
    ],
    [
      33,
      1.56024
    ],
    [
      34,
      1.52121
    ],
    [
      35,
      1.51648
    ],
    [
      36,
      1.49549
    ],
    [
      37,
      1.48405
    ],
    [
      38,
      1.45406
    ],
    [
      39,
      1.42443
    ],
    [
      40,
      1.42765
    ],
    [
      41,
      1.40569
    ],
    [
      42,
      1.39013
    ],
    [
      43,
      1.37281
    ],
    [
      44,
      1.34727
    ],
    [
      45,
      1.33237
    ],
    [
      46,
      1.34561
    ],
    [
      47,
      1.33096
    ],
    [
      48,
      1.31403
    ],
    [
      49,
      1.31383
    ],
    [
      50,
      1.27867
    ],
    [
      51,
      1.26985
    ],
    [
      52,
      1.25173
    ],
    [
      53,
      1.24299
    ],
    [
      54,
      1.24095
    ],
    [
      55,
      1.22619
    ],
    [
      56,
      1.2365
    ],
    [
      57,
      1.19482
    ],
    [
      58,
      1.17151
    ],
    [
      59,
      1.19083
    ],
    [
      60,
      1.16269
    ],
    [
      61,
      1.14718
    ],
    [
      62,
      1.18759
    ],
    [
      63,
      1.16452
    ],
    [
      64,
      1.12537
    ],
    [
      65,
      1.10161
    ],
    [
      66,
      1.11583
    ],
    [
      67,
      1.10775
    ],
    [
      68,
      1.06862
    ],
    [
      69,
      1.07033
    ],
    [
      70,
      1.07629
    ],
    [
      71,
      1.06191
    ],
    [
      72,
      1.03203
    ],
    [
      73,
      1.06813
    ],
    [
      74,
      1.04756
    ],
    [
      75,
      1.01545
    ],
    [
      76,
      1.09649
    ],
    [
      77,
      1.00418
    ],
    [
      78,
      1.02057
    ],
    [
      79,
      0.98009
    ],
    [
      80,
      1.04523
    ],
    [
      81,
      0.9913
    ],
    [
      82,
      0.97938
    ],
    [
      83,
      0.98531
    ],
    [
      84,
      1.02545
    ],
    [
      85,
      0.9419
    ],
    [
      86,
      0.98841
    ],
    [
      87,
      0.9546
    ],
    [
      88,
      0.93908
    ],
    [
      89,
      0.92569
    ],
    [
      90,
      0.94871
    ],
    [
      91,
      0.96357
    ],
    [
      92,
      0.95831
    ],
    [
      93,
      0.90364
    ],
    [
      94,
      0.93873
    ],
    [
      95,
      0.89938
    ],
    [
      96,
      0.90055
    ],
    [
      97,
      0.91152
    ],
    [
      98,
      0.91102
    ],
    [
      99,
      0.88246
    ],
    [
      100,
      0.90017
    ]
  ],
  "loss_conf": [
    [
      1,
      0.01157
    ],
    [
      2,
      0.01315
    ],
    [
      3,
      0.01496
    ],
    [
      4,
      0.01633
    ],
    [
      5,
      0.0171
    ],
    [
      6,
      0.01788
    ],
    [
      7,
      0.01811
    ],
    [
      8,
      0.01812
    ],
    [
      9,
      0.01798
    ],
    [
      10,
      0.01796
    ],
    [
      11,
      0.01749
    ],
    [
      12,
      0.01717
    ],
    [
      13,
      0.01699
    ],
    [
      14,
      0.01677
    ],
    [
      15,
      0.0156
    ],
    [
      16,
      0.01576
    ],
    [
      17,
      0.01566
    ],
    [
      18,
      0.0151
    ],
    [
      19,
      0.01463
    ],
    [
      20,
      0.01468
    ],
    [
      21,
      0.01404
    ],
    [
      22,
      0.01402
    ],
    [
      23,
      0.01376
    ],
    [
      24,
      0.01374
    ],
    [
      25,
      0.0136
    ],
    [
      26,
      0.01331
    ],
    [
      27,
      0.01312
    ],
    [
      28,
      0.01316
    ],
    [
      29,
      0.01362
    ],
    [
      30,
      0.01312
    ],
    [
      31,
      0.0131
    ],
    [
      32,
      0.01327
    ],
    [
      33,
      0.0128
    ],
    [
      34,
      0.01263
    ],
    [
      35,
      0.01264
    ],
    [
      36,
      0.01212
    ],
    [
      37,
      0.01232
    ],
    [
      38,
      0.01254
    ],
    [
      39,
      0.01232
    ],
    [
      40,
      0.01227
    ],
    [
      41,
      0.01217
    ],
    [
      42,
      0.01214
    ],
    [
      43,
      0.01209
    ],
    [
      44,
      0.01201
    ],
    [
      45,
      0.01195
    ],
    [
      46,
      0.01197
    ],
    [
      47,
      0.01159
    ],
    [
      48,
      0.01176
    ],
    [
      49,
      0.01146
    ],
    [
      50,
      0.01142
    ],
    [
      51,
      0.01138
    ],
    [
      52,
      0.01118
    ],
    [
      53,
      0.01189
    ],
    [
      54,
      0.0114
    ],
    [
      55,
      0.01121
    ],
    [
      56,
      0.01129
    ],
    [
      57,
      0.01091
    ],
    [
      58,
      0.01072
    ],
    [
      59,
      0.01085
    ],
    [
      60,
      0.01064
    ],
    [
      61,
      0.01083
    ],
    [
      62,
      0.01053
    ],
    [
      63,
      0.01075
    ],
    [
      64,
      0.01056
    ],
    [
      65,
      0.01046
    ],
    [
      66,
      0.01037
    ],
    [
      67,
      0.00999
    ],
    [
      68,
      0.00991
    ],
    [
      69,
      0.00993
    ],
    [
      70,
      0.00998
    ],
    [
      71,
      0.00989
    ],
    [
      72,
      0.00962
    ],
    [
      73,
      0.00993
    ],
    [
      74,
      0.01023
    ],
    [
      75,
      0.00935
    ],
    [
      76,
      0.00993
    ],
    [
      77,
      0.00919
    ],
    [
      78,
      0.00955
    ],
    [
      79,
      0.00925
    ],
    [
      80,
      0.00932
    ],
    [
      81,
      0.00923
    ],
    [
      82,
      0.00913
    ],
    [
      83,
      0.00916
    ],
    [
      84,
      0.00896
    ],
    [
      85,
      0.00883
    ],
    [
      86,
      0.00865
    ],
    [
      87,
      0.00872
    ],
    [
      88,
      0.00874
    ],
    [
      89,
      0.00863
    ],
    [
      90,
      0.00866
    ],
    [
      91,
      0.00889
    ],
    [
      92,
      0.00881
    ],
    [
      93,
      0.0086
    ],
    [
      94,
      0.00855
    ],
    [
      95,
      0.0084
    ],
    [
      96,
      0.00856
    ],
    [
      97,
      0.00842
    ],
    [
      98,
      0.00827
    ],
    [
      99,
      0.00819
    ],
    [
      100,
      0.00845
    ]
  ],
  "loss_pos": [
    [
      1,
      0.11759
    ],
    [
      2,
      0.10959
    ],
    [
      3,
      0.1001
    ],
    [
      4,
      0.09273
    ],
    [
      5,
      0.08609
    ],
    [
      6,
      0.08171
    ],
    [
      7,
      0.07524
    ],
    [
      8,
      0.07189
    ],
    [
      9,
      0.06703
    ],
    [
      10,
      0.06536
    ],
    [
      11,
      0.06355
    ],
    [
      12,
      0.0636
    ],
    [
      13,
      0.06016
    ],
    [
      14,
      0.0588
    ],
    [
      15,
      0.05625
    ],
    [
      16,
      0.05486
    ],
    [
      17,
      0.05339
    ],
    [
      18,
      0.05225
    ],
    [
      19,
      0.05248
    ],
    [
      20,
      0.05109
    ],
    [
      21,
      0.0493
    ],
    [
      22,
      0.04909
    ],
    [
      23,
      0.04781
    ],
    [
      24,
      0.04701
    ],
    [
      25,
      0.04608
    ],
    [
      26,
      0.04416
    ],
    [
      27,
      0.04423
    ],
    [
      28,
      0.04245
    ],
    [
      29,
      0.04291
    ],
    [
      30,
      0.04223
    ],
    [
      31,
      0.04111
    ],
    [
      32,
      0.0398
    ],
    [
      33,
      0.04064
    ],
    [
      34,
      0.03953
    ],
    [
      35,
      0.03893
    ],
    [
      36,
      0.03856
    ],
    [
      37,
      0.03825
    ],
    [
      38,
      0.03762
    ],
    [
      39,
      0.03652
    ],
    [
      40,
      0.03662
    ],
    [
      41,
      0.03626
    ],
    [
      42,
      0.03533
    ],
    [
      43,
      0.03497
    ],
    [
      44,
      0.03453
    ],
    [
      45,
      0.03407
    ],
    [
      46,
      0.03462
    ],
    [
      47,
      0.03422
    ],
    [
      48,
      0.03344
    ],
    [
      49,
      0.03376
    ],
    [
      50,
      0.03252
    ],
    [
      51,
      0.03238
    ],
    [
      52,
      0.03206
    ],
    [
      53,
      0.03145
    ],
    [
      54,
      0.03166
    ],
    [
      55,
      0.03107
    ],
    [
      56,
      0.03181
    ],
    [
      57,
      0.0301
    ],
    [
      58,
      0.02924
    ],
    [
      59,
      0.0306
    ],
    [
      60,
      0.02961
    ],
    [
      61,
      0.02918
    ],
    [
      62,
      0.03067
    ],
    [
      63,
      0.02985
    ],
    [
      64,
      0.02875
    ],
    [
      65,
      0.02771
    ],
    [
      66,
      0.02877
    ],
    [
      67,
      0.02899
    ],
    [
      68,
      0.02752
    ],
    [
      69,
      0.02716
    ],
    [
      70,
      0.02729
    ],
    [
      71,
      0.02704
    ],
    [
      72,
      0.02628
    ],
    [
      73,
      0.02724
    ],
    [
      74,
      0.02667
    ],
    [
      75,
      0.02558
    ],
    [
      76,
      0.02788
    ],
    [
      77,
      0.02511
    ],
    [
      78,
      0.0261
    ],
    [
      79,
      0.02459
    ],
    [
      80,
      0.02666
    ],
    [
      81,
      0.02559
    ],
    [
      82,
      0.02457
    ],
    [
      83,
      0.02532
    ],
    [
      84,
      0.02648
    ],
    [
      85,
      0.02427
    ],
    [
      86,
      0.02577
    ],
    [
      87,
      0.02402
    ],
    [
      88,
      0.02341
    ],
    [
      89,
      0.02364
    ],
    [
      90,
      0.02417
    ],
    [
      91,
      0.02468
    ],
    [
      92,
      0.02455
    ],
    [
      93,
      0.02252
    ],
    [
      94,
      0.02441
    ],
    [
      95,
      0.02248
    ],
    [
      96,
      0.02275
    ],
    [
      97,
      0.02308
    ],
    [
      98,
      0.02338
    ],
    [
      99,
      0.02247
    ],
    [
      100,
      0.02267
    ]
  ],
  "loss_class": [
    [
      1,
      0.02926
    ],
    [
      2,
      0.02709
    ],
    [
      3,
      0.02413
    ],
    [
      4,
      0.02151
    ],
    [
      5,
      0.0185
    ],
    [
      6,
      0.01575
    ],
    [
      7,
      0.01299
    ],
    [
      8,
      0.0113
    ],
    [
      9,
      0.00925
    ],
    [
      10,
      0.00835
    ],
    [
      11,
      0.00739
    ],
    [
      12,
      0.00689
    ],
    [
      13,
      0.00571
    ],
    [
      14,
      0.00532
    ],
    [
      15,
      0.00479
    ],
    [
      16,
      0.00443
    ],
    [
      17,
      0.00411
    ],
    [
      18,
      0.00362
    ],
    [
      19,
      0.00341
    ],
    [
      20,
      0.00331
    ],
    [
      21,
      0.00288
    ],
    [
      22,
      0.00279
    ],
    [
      23,
      0.00267
    ],
    [
      24,
      0.00244
    ],
    [
      25,
      0.00231
    ],
    [
      26,
      0.00219
    ],
    [
      27,
      0.00215
    ],
    [
      28,
      0.00204
    ],
    [
      29,
      0.00202
    ],
    [
      30,
      0.00185
    ],
    [
      31,
      0.00183
    ],
    [
      32,
      0.00174
    ],
    [
      33,
      0.00174
    ],
    [
      34,
      0.00161
    ],
    [
      35,
      0.00156
    ],
    [
      36,
      0.00148
    ],
    [
      37,
      0.00154
    ],
    [
      38,
      0.00149
    ],
    [
      39,
      0.00148
    ],
    [
      40,
      0.00143
    ],
    [
      41,
      0.00141
    ],
    [
      42,
      0.00146
    ],
    [
      43,
      0.0014
    ],
    [
      44,
      0.00131
    ],
    [
      45,
      0.00128
    ],
    [
      46,
      0.00129
    ],
    [
      47,
      0.00123
    ],
    [
      48,
      0.00131
    ],
    [
      49,
      0.00123
    ],
    [
      50,
      0.0012
    ],
    [
      51,
      0.0012
    ],
    [
      52,
      0.00119
    ],
    [
      53,
      0.00124
    ],
    [
      54,
      0.00114
    ],
    [
      55,
      0.00114
    ],
    [
      56,
      0.00113
    ],
    [
      57,
      0.00105
    ],
    [
      58,
      0.00107
    ],
    [
      59,
      0.00106
    ],
    [
      60,
      0.00107
    ],
    [
      61,
      0.00104
    ],
    [
      62,
      0.00101
    ],
    [
      63,
      0.00104
    ],
    [
      64,
      0.00104
    ],
    [
      65,
      0.00102
    ],
    [
      66,
      0.00098
    ],
    [
      67,
      0.00096
    ],
    [
      68,
      0.00091
    ],
    [
      69,
      0.0009
    ],
    [
      70,
      0.00095
    ],
    [
      71,
      0.00091
    ],
    [
      72,
      0.00087
    ],
    [
      73,
      0.00092
    ],
    [
      74,
      0.00095
    ],
    [
      75,
      0.00085
    ],
    [
      76,
      0.00088
    ],
    [
      77,
      0.00082
    ],
    [
      78,
      0.00088
    ],
    [
      79,
      0.00084
    ],
    [
      80,
      0.00085
    ],
    [
      81,
      0.00082
    ],
    [
      82,
      0.00082
    ],
    [
      83,
      0.00085
    ],
    [
      84,
      0.00078
    ],
    [
      85,
      0.0008
    ],
    [
      86,
      0.0008
    ],
    [
      87,
      0.00081
    ],
    [
      88,
      0.00078
    ],
    [
      89,
      0.00076
    ],
    [
      90,
      0.00077
    ],
    [
      91,
      0.00077
    ],
    [
      92,
      0.00077
    ],
    [
      93,
      0.00076
    ],
    [
      94,
      0.00077
    ],
    [
      95,
      0.00074
    ],
    [
      96,
      0.00076
    ],
    [
      97,
      0.00072
    ],
    [
      98,
      0.00072
    ],
    [
      99,
      0.00073
    ],
    [
      100,
      0.00072
    ]
  ],
  "lr": [
    [
      1,
      0.001
    ],
    [
      2,
      0.00098
    ],
    [
      3,
      0.00095
    ],
    [
      4,
      0.00093
    ],
    [
      5,
      0.00091
    ],
    [
      6,
      0.00089
    ],
    [
      7,
      0.00087
    ],
    [
      8,
      0.00085
    ],
    [
      9,
      0.00083
    ],
    [
      10,
      0.00081
    ],
    [
      11,
      0.00079
    ],
    [
      12,
      0.00078
    ],
    [
      13,
      0.00076
    ],
    [
      14,
      0.00074
    ],
    [
      15,
      0.00072
    ],
    [
      16,
      0.00071
    ],
    [
      17,
      0.00069
    ],
    [
      18,
      0.00068
    ],
    [
      19,
      0.00066
    ],
    [
      20,
      0.00065
    ],
    [
      21,
      0.00063
    ],
    [
      22,
      0.00062
    ],
    [
      23,
      0.0006
    ],
    [
      24,
      0.00059
    ],
    [
      25,
      0.00058
    ],
    [
      26,
      0.00056
    ],
    [
      27,
      0.00055
    ],
    [
      28,
      0.00054
    ],
    [
      29,
      0.00052
    ],
    [
      30,
      0.00051
    ],
    [
      31,
      0.0005
    ],
    [
      32,
      0.00049
    ],
    [
      33,
      0.00048
    ],
    [
      34,
      0.00047
    ],
    [
      35,
      0.00046
    ],
    [
      36,
      0.00045
    ],
    [
      37,
      0.00044
    ],
    [
      38,
      0.00043
    ],
    [
      39,
      0.00042
    ],
    [
      40,
      0.00041
    ],
    [
      41,
      0.0004
    ],
    [
      42,
      0.00039
    ],
    [
      43,
      0.00038
    ],
    [
      44,
      0.00037
    ],
    [
      45,
      0.00036
    ],
    [
      46,
      0.00035
    ],
    [
      47,
      0.00035
    ],
    [
      48,
      0.00034
    ],
    [
      49,
      0.00033
    ],
    [
      50,
      0.00032
    ],
    [
      51,
      0.00032
    ],
    [
      52,
      0.00031
    ],
    [
      53,
      0.0003
    ],
    [
      54,
      0.0003
    ],
    [
      55,
      0.00029
    ],
    [
      56,
      0.00028
    ],
    [
      57,
      0.00028
    ],
    [
      58,
      0.00027
    ],
    [
      59,
      0.00026
    ],
    [
      60,
      0.00026
    ],
    [
      61,
      0.00025
    ],
    [
      62,
      0.00025
    ],
    [
      63,
      0.00024
    ],
    [
      64,
      0.00023
    ],
    [
      65,
      0.00023
    ],
    [
      66,
      0.00022
    ],
    [
      67,
      0.00022
    ],
    [
      68,
      0.00021
    ],
    [
      69,
      0.00021
    ],
    [
      70,
      0.0002
    ],
    [
      71,
      0.0002
    ],
    [
      72,
      0.00019
    ],
    [
      73,
      0.00019
    ],
    [
      74,
      0.00019
    ],
    [
      75,
      0.00018
    ],
    [
      76,
      0.00018
    ],
    [
      77,
      0.00017
    ],
    [
      78,
      0.00017
    ],
    [
      79,
      0.00017
    ],
    [
      80,
      0.00016
    ],
    [
      81,
      0.00016
    ],
    [
      82,
      0.00015
    ],
    [
      83,
      0.00015
    ],
    [
      84,
      0.00015
    ],
    [
      85,
      0.00014
    ],
    [
      86,
      0.00014
    ],
    [
      87,
      0.00014
    ],
    [
      88,
      0.00013
    ],
    [
      89,
      0.00013
    ],
    [
      90,
      0.00013
    ],
    [
      91,
      0.00013
    ],
    [
      92,
      0.00012
    ],
    [
      93,
      0.00012
    ],
    [
      94,
      0.00012
    ],
    [
      95,
      0.00011
    ],
    [
      96,
      0.00011
    ],
    [
      97,
      0.00011
    ],
    [
      98,
      0.00011
    ],
    [
      99,
      0.0001
    ],
    [
      100,
      0.0001
    ]
  ],
  "val_acc": [
    [
      10,
      0.0
    ],
    [
      20,
      0.5
    ],
    [
      30,
      0.5
    ],
    [
      40,
      0.5
    ],
    [
      50,
      0.5
    ],
    [
      60,
      0.5
    ],
    [
      70,
      0.5
    ],
    [
      80,
      0.64545
    ],
    [
      90,
      0.68182
    ],
    [
      100,
      0.62987
    ]
  ],
  "val_acc_human": [
    [
      10,
      0.0
    ],
    [
      20,
      1.0
    ],
    [
      30,
      1.0
    ],
    [
      40,
      1.0
    ],
    [
      50,
      1.0
    ],
    [
      60,
      1.0
    ],
    [
      70,
      1.0
    ],
    [
      80,
      1.0
    ],
    [
      90,
      1.0
    ],
    [
      100,
      1.0
    ]
  ],
  "val_acc_fire": [
    [
      10,
      0.0
    ],
    [
      20,
      0.0
    ],
    [
      30,
      0.0
    ],
    [
      40,
      0.0
    ],
    [
      50,
      0.0
    ],
    [
      60,
      0.0
    ],
    [
      70,
      0.0
    ],
    [
      80,
      0.29091
    ],
    [
      90,
      0.36364
    ],
    [
      100,
      0.25974
    ]
  ],
  "mean": 128.5,
  "std": 58.395,
  "label_type": "detection",
  "data_type": "image",
  "labels": [
    "human",
    "fire"
  ],
  "best_eval": {
    "epoch": 90,
    "val_acc": 0.682,
    "val_info": [
      {
        "name": "02920d7eff9a4ab28dc26a3e24cc2d5c.jpg",
        "nickname": "微信图片_20251118151937_94_181.jpg",
        "pred": [
          [
            174,
            61,
            311,
            308,
            0.8646177053451538,
            0.0
          ],
          [
            76,
            253,
            90,
            263,
            0.7192937731742859,
            1.0
          ],
          [
            0,
            164,
            25,
            189,
            0.6357917785644531,
            1.0
          ],
          [
            170,
            256,
            189,
            278,
            0.5489699244499207,
            1.0
          ]
        ],
        "gt": [
          [
            175,
            72,
            308,
            299,
            1.0,
            0.0
          ],
          [
            6,
            169,
            26,
            188,
            1.0,
            1.0
          ],
          [
            169,
            254,
            191,
            279,
            1.0,
            1.0
          ]
        ],
        "ok": true
      },
      {
        "name": "860bbeee063b4ac6a0c1a4b65d959071.jpg",
        "nickname": "微信图片_20251118151804_79_181.jpg",
        "pred": [
          [
            138,
            0,
            311,
            256,
            0.8698288202285767,
            0.0
          ],
          [
            156,
            224,
            174,
            241,
            0.7054916024208069,
            1.0
          ],
          [
            67,
            223,
            84,
            233,
            0.5619284510612488,
            1.0
          ]
        ],
        "gt": [
          [
            147,
            0,
            308,
            247,
            1.0,
            0.0
          ],
          [
            156,
            223,
            173,
            238,
            1.0,
            1.0
          ],
          [
            165,
            258,
            178,
            267,
            1.0,
            1.0
          ],
          [
            24,
            178,
            39,
            195,
            1.0,
            1.0
          ],
          [
            71,
            225,
            82,
            234,
            1.0,
            1.0
          ]
        ],
        "ok": false
      },
      {
        "name": "fc9ecb9ff0e04285bc0f14740c594425.jpg",
        "nickname": "微信图片_20251118151741_75_181.jpg",
        "pred": [
          [
            131,
            219,
            307,
            416,
            0.8554936647415161,
            0.0
          ],
          [
            109,
            209,
            123,
            230,
            0.5218742489814758,
            1.0
          ]
        ],
        "gt": [
          [
            132,
            214,
            308,
            412,
            1.0,
            0.0
          ],
          [
            111,
            210,
            126,
            227,
            1.0,
            1.0
          ]
        ],
        "ok": true
      },
      {
        "name": "2faabd2608474222ba48bf3a43a915d5.jpg",
        "nickname": "0dc392287421a14d.jpg",
        "pred": [
          [
            208,
            48,
            382,
            290,
            0.8228219747543335,
            0.0
          ]
        ],
        "gt": [
          [
            193,
            67,
            377,
            299,
            1.0,
            0.0
          ]
        ],
        "ok": true
      },
      {
        "name": "6970e580afe34c2997f3888c9befa443.jpg",
        "nickname": "微信图片_20251118151747_76_181.jpg",
        "pred": [
          [
            131,
            225,
            309,
            415,
            0.8343846797943115,
            0.0
          ]
        ],
        "gt": [
          [
            128,
            225,
            308,
            412,
            1.0,
            0.0
          ],
          [
            113,
            217,
            134,
            236,
            1.0,
            1.0
          ]
        ],
        "ok": true
      }
    ]
  }
}